#[Manufacturer],[Hostname],[Delta t],[Date],[Mode],[File Version],"Rules:
Choose closest ms value to stapwatch time
If tie choose bigger value
if more than 10ms away dont fill in the value",
Thorlabs,PM5020_5E,10 ms,2026-07-30 22:56:56,CW,1,,
,,,,,,,
#[Ch],[Name],[Serial],[Type],[Wavelength],[Range],[Attenuation],[Unit]
0,S425C-L,1932731,Thermopile,1064 nm,auto,0 dB,W
1,S120VC,230131112,Photodiode,1064 nm,auto,0 dB,W
,,,,,,,
#[ms],[Ch: 1],[Ch: 2],#[meter],,,,
43900,1.10E+00,5.08E-04,0.719,,,,
89640,1.09E+00,5.06E-04,0.718,,,,
138290,1.09E+00,5.06E-04,0.717,,,,
163470,1.09E+00,5.06E-04,0.716,,,,
173850,1.09E+00,5.06E-04,0.715,,,,
179280,1.09E+00,5.06E-04,0.714,,,,
200010,1.09E+00,5.06E-04,0.713,,,,
221990,1.09E+00,5.06E-04,0.712,,,,
235290,1.09E+00,5.07E-04,0.711,,,,
246970,1.09E+00,5.07E-04,0.71,,,,
257830,1.09E+00,5.06E-04,0.709,,,,
278460,1.09E+00,5.07E-04,0.708,,,,
298960,1.09E+00,5.06E-04,0.707,,,,
320580,1.09E+00,5.06E-04,0.706,,,,
338640,1.09E+00,5.06E-04,0.705,,,,
355370,1.09E+00,5.06E-04,0.704,,,,
375720,1.09E+00,5.06E-04,0.703,,,,
390300,1.09E+00,5.06E-04,0.702,,,,
400710,1.09E+00,5.06E-04,0.701,,,,
411340,4.11E+05,5.06E-04,0.7,,,,
439660,1.09E+00,5.07E-04,0.699,,,,
455830,1.09E+00,5.06E-04,0.698,,,,
467270,1.10E+00,5.07E-04,0.697,,,,
484310,1.09E+00,5.06E-04,0.696,,,,
500470,1.10E+00,5.07E-04,0.695,,,,
523640,1.09E+00,5.07E-04,0.694,,,,
538270,1.09E+00,5.07E-04,0.693,,,,
552050,1.09E+00,5.07E-04,0.692,,,,
588850,1.09E+00,5.07E-04,0.691,,,,
613050,1.09E+00,5.07E-04,0.69,,,,
635500,1.09E+00,5.06E-04,0.689,,,,
654770,1.09E+00,5.07E-04,0.688,,,,
672770,1.09E+00,5.07E-04,0.687,,,,
692220,1.09E+00,5.06E-04,0.686,,,,
716440,1.09E+00,5.07E-04,0.685,,,,
737590,1.09E+00,5.07E-04,0.684,,,,
766190,1.10E+00,5.06E-04,0.683,,,,
780920,1.10E+00,5.07E-04,0.682,,,,
794850,1.10E+00,5.06E-04,0.681,,,,
801850,1.09E+00,5.07E-04,0.68,,,,
819550,1.09E+00,5.06E-04,0.679,,,,
834680,1.10E+00,5.06E-04,0.678,,,,
852359,1.10E+00,5.07E-04,0.677,,,,
867919,1.09E+00,5.07E-04,0.676,,,,
895849,1.09E+00,5.07E-04,0.675,,,,
916770,1.09E+00,5.07E-04,0.674,,,,
939200,1.09E+00,5.07E-04,0.673,,,,
962620,1.09E+00,5.07E-04,0.672,,,,
978420,1.09E+00,5.06E-04,0.671,,,,
1011090,1.09E+00,5.06E-04,0.67,,,,
1031440,1.09E+00,5.07E-04,0.669,,,,
1047019,1.09E+00,5.07E-04,0.668,,,,
1069500,1.09E+00,5.07E-04,0.667,,,,
1092070,1.09E+00,5.06E-04,0.666,,,,
1115940,1.09E+00,5.06E-04,0.665,,,,
1140040,1.09E+00,5.07E-04,0.664,,,,
1154950,1.09E+00,5.07E-04,0.663,,,,
1174220,1.09E+00,5.07E-04,0.662,,,,
1197190,1.09E+00,5.06E-04,0.661,,,,
1219510,1.09E+00,5.07E-04,0.66,,,,
1237720,1.09E+00,5.06E-04,0.659,,,,
1277560,1.09E+00,5.06E-04,0.658,,,,
1296560,1.09E+00,5.07E-04,0.657,,,,
1315510,1.10E+00,5.07E-04,0.656,,,,
1333160,1.09E+00,5.07E-04,0.655,,,,
1352240,1.09E+00,5.07E-04,0.654,,,,
1403040,1.09E+00,5.06E-04,0.653,,,,
1426020,1.09E+00,5.07E-04,0.652,,,,
1456789,1.09E+00,5.06E-04,0.651,,,,
1493059,1.09E+00,5.07E-04,0.65,,,,
1505040,1.10E+00,5.07E-04,0.649,,,,
1523010,1.09E+00,5.07E-04,0.648,,,,
1547310,1.09E+00,5.07E-04,0.647,,,,
1570400,1.09E+00,5.07E-04,0.646,,,,
1595960,1.09E+00,5.07E-04,0.645,,,,
1633330,1.09E+00,5.07E-04,0.644,,,,
1659940,1.09E+00,5.06E-04,0.643,,,,
1702290,1.09E+00,5.06E-04,0.642,,,,
1724720,1.09E+00,5.07E-04,0.641,,,,
1740420,1.74E+06,5.07E-04,0.64,,,,
1757670,1.09E+00,5.07E-04,0.639,,,,
1778040,1.09E+00,5.07E-04,0.638,,,,
1809020,1.09E+00,5.07E-04,0.637,,,,
1828250,1.09E+00,5.06E-04,0.636,,,,
1854279,1.09E+00,5.06E-04,0.635,,,,
1883700,1.09E+00,5.06E-04,0.634,,,,
1904050,1.09E+00,5.06E-04,0.633,,,,
1913560,1.09E+00,5.06E-04,0.632,,,,
1935830,1.09E+00,5.06E-04,0.631,,,,
1948410,1.09E+00,5.06E-04,0.63,,,,
1961810,1.09E+00,5.07E-04,0.629,,,,
2000300,1.09E+00,5.05E-04,0.628,,,,
2042790,1.09E+00,5.06E-04,0.627,,,,
2051850,1.09E+00,5.06E-04,0.626,,,,
2084840,1.09E+00,5.05E-04,0.625,,,,
2099380,1.09E+00,5.06E-04,0.624,,,,
2118450,1.09E+00,5.05E-04,0.623,,,,
2159650,1.09E+00,5.05E-04,0.622,,,,
2170500,1.09E+00,5.06E-04,0.621,,,,
2178560,1.09E+00,5.05E-04,0.62,,,,
2344640,1.09E+00,5.06E-04,0.619,,,,
2357020,1.09E+00,5.07E-04,0.618,,,,
2370030,1.10E+00,5.07E-04,0.617,,,,
2403880,1.09E+00,5.07E-04,0.616,,,,
2442180,1.09E+00,5.07E-04,0.615,,,,
2485280,1.09E+00,5.07E-04,0.614,,,,
2514200,1.09E+00,5.07E-04,0.613,,,,
2540550,1.09E+00,5.07E-04,0.612,,,,
2569100,1.09E+00,5.07E-04,0.611,,,,
2579460,1.09E+00,5.07E-04,0.61,,,,
2594590,1.09E+00,5.07E-04,0.609,,,,
2610869,1.09E+00,5.06E-04,0.608,,,,
2624250,1.09E+00,5.07E-04,0.607,,,,
2647650,1.09E+00,5.06E-04,0.606,,,,
2661390,1.09E+00,5.07E-04,0.605,,,,
2677670,1.09E+00,5.06E-04,0.604,,,,
2690419,1.09E+00,5.06E-04,0.603,,,,
2701750,1.09E+00,5.07E-04,0.602,,,,
2710880,1.09E+00,5.06E-04,0.601,,,,
2720360,1.09E+00,5.07E-04,0.6,,,,
2735290,1.09E+00,5.06E-04,0.599,,,,
2756740,1.09E+00,5.06E-04,0.598,,,,
2771900,1.09E+00,5.07E-04,0.597,,,,
2789500,1.09E+00,5.06E-04,0.596,,,,
2804880,1.09E+00,5.06E-04,0.595,,,,
2826990,1.09E+00,5.06E-04,0.594,,,,
2836730,1.09E+00,5.06E-04,0.593,,,,
2859660,1.09E+00,5.06E-04,0.592,,,,
2872920,1.09E+00,5.06E-04,0.591,,,,
2886180,1.09E+00,5.06E-04,0.59,,,,
2906510,1.09E+00,5.06E-04,0.589,,,,
2929560,1.09E+00,5.06E-04,0.588,,,,
2972560,1.09E+00,5.05E-04,0.587,,,,
2986460,1.09E+00,5.06E-04,0.586,,,,
3510880,1.09E+00,5.06E-04,0.585,,,,
3531010,1.09E+00,5.07E-04,0.584,,,,
3565940,1.09E+00,5.08E-04,0.583,,,,
3587010,1.10E+00,5.08E-04,0.582,,,,
3630210,1.09E+00,5.07E-04,0.581,,,,
3643460,1.10E+00,5.07E-04,0.58,,,,
3701400,1.10E+00,5.08E-04,0.579,,,,
3722570,1.09E+00,5.07E-04,0.578,,,,
3747640,1.09E+00,5.07E-04,0.577,,,,
3761910,1.10E+00,5.07E-04,0.576,,,,
3787990,1.09E+00,5.07E-04,0.575,,,,
3804370,1.10E+00,5.07E-04,0.574,,,,
3819600,1.10E+00,5.06E-04,0.573,,,,
3832060,1.09E+00,5.06E-04,0.572,,,,
3840359,1.09E+00,5.06E-04,0.571,,,,
3859620,1.09E+00,5.06E-04,0.57,,,,
3879390,1.09E+00,5.06E-04,0.569,,,,
3903990,1.09E+00,5.05E-04,0.568,,,,
3914040,1.09E+00,5.05E-04,0.567,,,,
3924560,1.09E+00,5.05E-04,0.566,,,,
3935360,1.09E+00,5.05E-04,0.565,,,,
3943820,1.09E+00,5.05E-04,0.564,,,,
3957100,1.09E+00,5.05E-04,0.563,,,,
3966650,1.09E+00,5.05E-04,0.562,,,,
3976060,1.09E+00,5.05E-04,0.561,,,,
3986610,1.09E+00,5.05E-04,0.56,,,,
3994860,1.09E+00,5.05E-04,0.559,,,,
4005010,1.09E+00,5.04E-04,0.558,,,,
4012490,1.09E+00,5.04E-04,0.557,,,,
4161590,1.09E+00,5.06E-04,0.556,,,,
4193440,1.09E+00,5.05E-04,0.555,,,,
4212190,1.09E+00,5.05E-04,0.554,,,,
4241860,1.09E+00,5.04E-04,0.553,,,,
4263109,1.09E+00,5.04E-04,0.552,,,,
4280190,1.09E+00,5.03E-04,0.551,,,,
4322910,1.09E+00,5.04E-04,0.55,,,,
4333910,1.09E+00,5.04E-04,0.549,,,,
4353380,1.09E+00,5.04E-04,0.548,,,,
4369490,1.08E+00,5.04E-04,0.547,,,,
4410130,1.09E+00,5.03E-04,0.546,,,,
4443979,1.09E+00,5.04E-04,0.545,,,,
4513880,1.09E+00,5.04E-04,0.544,,,,
4529030,1.09E+00,5.04E-04,0.543,,,,
4544460,1.09E+00,5.04E-04,0.542,,,,
4570240,1.08E+00,5.03E-04,0.541,,,,
4625800,1.09E+00,5.03E-04,0.54,,,,
4656780,1.09E+00,5.04E-04,0.539,,,,
4702120,1.09E+00,5.03E-04,0.538,,,,
4740970,1.08E+00,5.03E-04,0.537,,,,
4755320,1.09E+00,5.05E-04,0.536,,,,
4793060,1.09E+00,5.05E-04,0.535,,,,
4810730,1.09E+00,5.05E-04,0.534,,,,
4832430,1.09E+00,5.04E-04,0.533,,,,
4865529,1.09E+00,5.04E-04,0.532,,,,
4882660,1.09E+00,5.04E-04,0.531,,,,
4893020,1.09E+00,5.04E-04,0.53,,,,
4909840,1.09E+00,5.04E-04,0.529,,,,
4920870,1.09E+00,5.04E-04,0.528,,,,
4935030,1.09E+00,5.03E-04,0.527,,,,
4945280,1.09E+00,5.04E-04,0.526,,,,
5505760,1.08E+00,5.02E-04,0.525,,,,
5511290,1.08E+00,5.02E-04,0.524,,,,
5536140,1.09E+00,5.03E-04,0.523,,,,
5586290,1.09E+00,5.03E-04,0.522,,,,
5612060,1.09E+00,5.03E-04,0.521,,,,
5677469,1.08E+00,5.02E-04,0.52,,,,
5701520,1.09E+00,5.02E-04,0.519,,,,
5730420,1.08E+00,5.02E-04,0.518,,,,
5743830,1.09E+00,5.02E-04,0.517,,,,
5752830,1.09E+00,5.02E-04,0.516,,,,
5762530,1.08E+00,5.02E-04,0.515,,,,
6010930,1.08E+00,5.02E-04,0.514,,,,
6049520,1.09E+00,5.00E-04,0.513,,,,
6064449,1.09E+00,5.00E-04,0.512,,,,
6073060,1.09E+00,5.00E-04,0.511,,,,
6080109,1.09E+00,5.00E-04,0.51,,,,
6084739,1.08E+00,5.00E-04,0.509,,,,
6089970,1.09E+00,5.00E-04,0.508,,,,
6095030,1.08E+00,5.00E-04,0.507,,,,
6100059,1.08E+00,5.00E-04,0.506,,,,
6106110,1.09E+00,5.00E-04,0.505,,,,
6112940,1.09E+00,5.00E-04,0.504,,,,
6117210,1.09E+00,5.00E-04,0.503,,,,
6121500,1.08E+00,5.00E-04,0.502,,,,
6127080,1.09E+00,5.00E-04,0.501,,,,
6132510,1.09E+00,5.00E-04,0.5,,,,
6137260,1.08E+00,5.00E-04,0.499,,,,
6143090,1.09E+00,5.00E-04,0.498,,,,
6147400,1.09E+00,5.00E-04,0.497,,,,
6155210,1.09E+00,5.00E-04,0.496,,,,
6162870,1.08E+00,5.01E-04,0.495,,,,
6170750,1.09E+00,5.00E-04,0.494,,,,
6178650,1.09E+00,5.00E-04,0.493,,,,
6183260,1.09E+00,5.00E-04,0.492,,,,
6187160,1.09E+00,5.00E-04,0.491,,,,
6191970,1.09E+00,5.00E-04,0.49,,,,
6196170,1.09E+00,5.00E-04,0.489,,,,
6199980,1.09E+00,5.01E-04,0.488,,,,
6205730,1.09E+00,5.00E-04,0.487,,,,
6212960,1.09E+00,5.00E-04,0.486,,,,
6217170,1.09E+00,5.00E-04,0.485,,,,
6223160,1.08E+00,5.00E-04,0.484,,,,
6226230,1.09E+00,5.01E-04,0.483,,,,
6230810,1.09E+00,5.01E-04,0.482,,,,
6235040,1.08E+00,5.00E-04,0.481,,,,
6239070,1.09E+00,5.01E-04,0.48,,,,
6242980,1.09E+00,5.01E-04,0.479,,,,
6246780,1.09E+00,5.01E-04,0.478,,,,
6251300,1.09E+00,5.01E-04,0.477,,,,
6256640,1.09E+00,5.01E-04,0.476,,,,
6261649,1.09E+00,5.02E-04,0.475,,,,
6265330,1.09E+00,5.01E-04,0.474,,,,
6269160,1.09E+00,5.01E-04,0.473,,,,
6272290,1.09E+00,5.02E-04,0.472,,,,
6276589,1.09E+00,5.02E-04,0.471,,,,
6280600,1.09E+00,5.02E-04,0.47,,,,
6613750,1.09E+00,5.02E-04,0.469,,,,
6676960,1.09E+00,5.04E-04,0.468,,,,
6685369,1.08E+00,5.04E-04,0.467,,,,
6692690,1.09E+00,5.04E-04,0.466,,,,
6712490,1.09E+00,5.05E-04,0.465,,,,
6729350,1.09E+00,5.06E-04,0.464,,,,
6738390,1.09E+00,5.07E-04,0.463,,,,
6753590,1.09E+00,5.07E-04,0.462,,,,
6760450,1.09E+00,5.07E-04,0.461,,,,
6765780,1.09E+00,5.07E-04,0.46,,,,
6770860,1.09E+00,5.07E-04,0.459,,,,
6821850,1.09E+00,5.07E-04,0.458,,,,
6826470,1.09E+00,5.07E-04,0.457,,,,
6830150,1.10E+00,5.07E-04,0.456,,,,
6835380,1.10E+00,5.08E-04,0.455,,,,
6839720,1.09E+00,5.08E-04,0.454,,,,
6846890,1.10E+00,5.07E-04,0.453,,,,
6851900,1.10E+00,5.07E-04,0.452,,,,
6857360,1.10E+00,5.07E-04,0.451,,,,
6866769,1.09E+00,5.07E-04,0.45,,,,
6957150,1.09E+00,5.07E-04,0.449,,,,
6969290,1.10E+00,5.07E-04,0.448,,,,
6979320,1.09E+00,5.08E-04,0.447,,,,
6990900,1.10E+00,5.08E-04,0.446,,,,
7004520,1.10E+00,5.08E-04,0.445,,,,
7015080,1.10E+00,5.08E-04,0.444,,,,
7020690,1.10E+00,5.08E-04,0.443,,,,
7024720,1.10E+00,5.08E-04,0.442,,,,
7028470,1.10E+00,5.09E-04,0.441,,,,
7032140,1.10E+00,5.09E-04,0.44,,,,
7205040,1.10E+00,5.08E-04,0.439,,,,
7230570,1.10E+00,5.08E-04,0.438,,,,
7270189,1.09E+00,5.08E-04,0.437,,,,
7292919,1.10E+00,5.08E-04,0.436,,,,
7310139,1.10E+00,5.07E-04,0.435,,,,
7319730,1.09E+00,5.08E-04,0.434,,,,
7342350,1.09E+00,5.08E-04,0.433,,,,
7347570,1.10E+00,5.07E-04,0.432,,,,
7371640,1.09E+00,5.07E-04,0.431,,,,
7382720,1.09E+00,5.07E-04,0.43,,,,
7392150,1.09E+00,5.07E-04,0.429,,,,
7410380,1.09E+00,5.07E-04,0.428,,,,
7446750,1.09E+00,5.06E-04,0.427,,,,
7476180,1.09E+00,5.06E-04,0.426,,,,
7518650,1.09E+00,5.05E-04,0.425,,,,
7525060,1.09E+00,5.06E-04,0.424,,,,
7532520,1.09E+00,5.06E-04,0.423,,,,
7539900,1.09E+00,5.05E-04,0.422,,,,
7544930,1.09E+00,5.05E-04,0.421,,,,
7550539,1.09E+00,5.05E-04,0.42,,,,
7558300,1.09E+00,5.05E-04,0.419,,,,
7572730,1.09E+00,5.05E-04,0.418,,,,
7590380,1.09E+00,5.04E-04,0.417,,,,
7596580,1.09E+00,5.04E-04,0.416,,,,
7600260,1.09E+00,5.04E-04,0.415,,,,
7606490,7.61E+06,5.04E-04,0.414,,,,
7612380,1.09E+00,5.04E-04,0.413,,,,
7622690,1.09E+00,5.04E-04,0.412,,,,
7626250,1.09E+00,5.03E-04,0.411,,,,
8151930,1.09E+00,5.03E-04,0.41,,,,
8160740,1.09E+00,5.01E-04,0.409,,,,
8165720,1.09E+00,5.01E-04,0.408,,,,
8170850,1.09E+00,5.02E-04,0.407,,,,
8174730,1.09E+00,5.02E-04,0.406,,,,
8180850,1.09E+00,5.01E-04,0.405,,,,
8186370,1.09E+00,5.02E-04,0.404,,,,
8189820,1.09E+00,5.01E-04,0.403,,,,
8194350,1.09E+00,5.01E-04,0.402,,,,
8200330,1.09E+00,5.01E-04,0.401,,,,
8204180,1.09E+00,5.01E-04,0.4,,,,
8245020,1.10E+00,5.05E-04,0.399,,,,
8248320,1.10E+00,5.05E-04,0.398,,,,
8253570,1.10E+00,5.04E-04,0.397,,,,
8258779,1.10E+00,5.03E-04,0.396,,,,
8263220,1.10E+00,5.03E-04,0.395,,,,
8268029,1.10E+00,5.02E-04,0.394,,,,
8271240,1.09E+00,5.02E-04,0.393,,,,
8276290,1.09E+00,5.01E-04,0.392,,,,
8280650,1.09E+00,5.01E-04,0.391,,,,
8284720,1.09E+00,5.00E-04,0.39,,,,
8287960,1.09E+00,5.00E-04,0.389,,,,
8292440,1.09E+00,5.00E-04,0.388,,,,
8298290,1.09E+00,4.99E-04,0.387,,,,
8308350,1.09E+00,4.99E-04,0.386,,,,
8311850,1.09E+00,4.99E-04,0.385,,,,
8315010,1.09E+00,4.98E-04,0.384,,,,
8319160,1.09E+00,4.99E-04,0.383,,,,
8323290,1.09E+00,4.98E-04,0.382,,,,
8327140,1.09E+00,4.98E-04,0.381,,,,
8330820,1.09E+00,4.98E-04,0.38,,,,
8334030,1.09E+00,4.97E-04,0.379,,,,
8336930,1.09E+00,4.97E-04,0.378,,,,
8341690,1.09E+00,4.97E-04,0.377,,,,
8344790,1.09E+00,4.97E-04,0.376,,,,
8348570,1.09E+00,4.97E-04,0.375,,,,
8354480,1.09E+00,4.97E-04,0.374,,,,
8358860,1.09E+00,4.97E-04,0.373,,,,
8361800,1.09E+00,4.96E-04,0.372,,,,
8366080,1.09E+00,4.96E-04,0.371,,,,
8372360,1.08E+00,4.96E-04,0.37,,,,
8376260,1.09E+00,4.97E-04,0.369,,,,
8380690,1.09E+00,4.96E-04,0.368,,,,
8384250,1.09E+00,4.96E-04,0.367,,,,
8386850,1.09E+00,4.97E-04,0.366,,,,
8391230,1.09E+00,4.96E-04,0.365,,,,
8396130,1.09E+00,4.96E-04,0.364,,,,
8399370,1.09E+00,4.96E-04,0.363,,,,
8402730,1.09E+00,4.96E-04,0.362,,,,
8406070,1.09E+00,4.96E-04,0.361,,,,
8409220,1.09E+00,4.96E-04,0.36,,,,
8413530,1.09E+00,4.96E-04,0.359,,,,
8417660,1.09E+00,4.96E-04,0.358,,,,
8421500,1.09E+00,4.96E-04,0.357,,,,
8424830,1.09E+00,4.96E-04,0.356,,,,
8427880,1.09E+00,4.95E-04,0.355,,,,
8430640,1.09E+00,4.96E-04,0.354,,,,
8433390,1.09E+00,4.96E-04,0.353,,,,
8436490,1.09E+00,4.95E-04,0.352,,,,
8439870,1.09E+00,4.95E-04,0.351,,,,
8445230,1.09E+00,4.96E-04,0.35,,,,
8449890,1.09E+00,4.95E-04,0.349,,,,
8453620,1.09E+00,4.95E-04,0.348,,,,
8456699,1.09E+00,4.96E-04,0.347,,,,
8460250,1.09E+00,4.96E-04,0.346,,,,
8463360,1.09E+00,4.96E-04,0.345,,,,
8466720,1.09E+00,4.96E-04,0.344,,,,
8470280,1.09E+00,4.95E-04,0.343,,,,
8473210,1.09E+00,4.96E-04,0.342,,,,
8476659,1.09E+00,4.95E-04,0.341,,,,
8480439,1.09E+00,4.96E-04,0.34,,,,
8486020,1.09E+00,4.96E-04,0.339,,,,
8489970,1.09E+00,4.95E-04,0.338,,,,
8493170,1.09E+00,4.95E-04,0.337,,,,
8496400,1.09E+00,4.95E-04,0.336,,,,
8499520,1.09E+00,4.96E-04,0.335,,,,
8503050,1.09E+00,4.95E-04,0.334,,,,
8506390,1.09E+00,4.95E-04,0.333,,,,
8510600,1.09E+00,4.95E-04,0.332,,,,
8513760,1.09E+00,4.95E-04,0.331,,,,
8516410,1.09E+00,4.95E-04,0.33,,,,
8520270,1.09E+00,4.95E-04,0.329,,,,
8523920,1.09E+00,4.94E-04,0.328,,,,
8528020,1.09E+00,4.94E-04,0.327,,,,
8531830,1.09E+00,4.95E-04,0.326,,,,
8536230,1.09E+00,4.94E-04,0.325,,,,
8539240,1.09E+00,4.95E-04,0.324,,,,
8545550,1.09E+00,4.94E-04,0.323,,,,
8550220,1.09E+00,4.94E-04,0.322,,,,
8553560,1.09E+00,4.94E-04,0.321,,,,
8556530,1.09E+00,4.94E-04,0.32,,,,
8559610,1.09E+00,4.94E-04,0.319,,,,
8563610,1.09E+00,4.94E-04,0.318,,,,
8567450,1.09E+00,4.93E-04,0.317,,,,
8571260,1.09E+00,4.93E-04,0.316,,,,
8574140,1.09E+00,4.94E-04,0.315,,,,
8579600,1.09E+00,4.93E-04,0.314,,,,
8582850,1.09E+00,4.92E-04,0.313,,,,
8589360,1.09E+00,4.93E-04,0.312,,,,
8596680,1.09E+00,4.92E-04,0.311,,,,
8601020,1.09E+00,4.91E-04,0.31,,,,
8605350,1.09E+00,4.90E-04,0.309,,,,
8608010,1.09E+00,4.91E-04,0.308,,,,
8611240,1.09E+00,4.92E-04,0.307,,,,
8614840,1.09E+00,4.91E-04,0.306,,,,
8618590,1.09E+00,4.91E-04,0.305,,,,
8626720,1.09E+00,4.90E-04,0.304,,,,
8630120,1.09E+00,4.89E-04,0.303,,,,
8633520,1.09E+00,4.89E-04,0.302,,,,
8635999,1.09E+00,4.91E-04,0.301,,,,
8640420,1.09E+00,4.88E-04,0.3,,,,
8647290,1.09E+00,4.86E-04,0.299,,,,
8651250,1.09E+00,4.86E-04,0.298,,,,
8656750,1.09E+00,4.88E-04,0.297,,,,
8663460,1.09E+00,4.85E-04,0.296,,,,
8666860,1.09E+00,4.87E-04,0.295,,,,
8669930,1.09E+00,4.85E-04,0.294,,,,
8672740,1.09E+00,4.86E-04,0.293,,,,
8679090,1.09E+00,4.83E-04,0.292,,,,
8685239,1.09E+00,4.82E-04,0.291,,,,
8688439,1.09E+00,4.83E-04,0.29,,,,
8697380,1.09E+00,4.80E-04,0.289,,,,
8700340,1.09E+00,4.78E-04,0.288,,,,
8702970,1.09E+00,4.78E-04,0.287,,,,
8706330,1.09E+00,4.78E-04,0.286,,,,
8709620,1.09E+00,4.78E-04,0.285,,,,
8713120,1.09E+00,4.77E-04,0.284,,,,
8715930,1.09E+00,4.79E-04,0.283,,,,
8718660,1.09E+00,4.76E-04,0.282,,,,
8725010,1.09E+00,4.74E-04,0.281,,,,
8727370,1.09E+00,4.73E-04,0.28,,,,
8731689,1.09E+00,4.72E-04,0.279,,,,
8735200,1.09E+00,4.72E-04,0.278,,,,
8738019,1.09E+00,4.69E-04,0.277,,,,
8742490,1.09E+00,4.70E-04,0.276,,,,
8745690,1.09E+00,4.72E-04,0.275,,,,
8750050,1.09E+00,4.69E-04,0.274,,,,
8755850,1.09E+00,4.71E-04,0.273,,,,
8761510,1.09E+00,4.65E-04,0.272,,,,
8766760,1.09E+00,4.65E-04,0.271,,,,
8772060,1.09E+00,4.66E-04,0.27,,,,
8811850,1.09E+00,4.62E-04,0.269,,,,
8816260,1.09E+00,4.62E-04,0.268,,,,
8820990,1.09E+00,4.63E-04,0.267,,,,
8825400,1.09E+00,4.63E-04,0.266,,,,
8830680,1.09E+00,4.60E-04,0.265,,,,
8836210,1.09E+00,4.59E-04,0.264,,,,
8839940,1.09E+00,4.58E-04,0.263,,,,
8844149,1.09E+00,4.57E-04,0.262,,,,
8847800,1.09E+00,4.56E-04,0.261,,,,
8852979,1.09E+00,4.55E-04,0.26,,,,
9341430,1.08E+00,4.50E-04,0.259,,,,
9344390,1.08E+00,4.50E-04,0.258,,,,
9349450,1.09E+00,4.50E-04,0.257,,,,
9352430,1.09E+00,4.51E-04,0.256,,,,
9355590,1.09E+00,4.50E-04,0.255,,,,
9358600,1.09E+00,4.50E-04,0.254,,,,
9362230,1.09E+00,4.49E-04,0.253,,,,
9365340,1.09E+00,4.49E-04,0.252,,,,
9371890,1.09E+00,4.47E-04,0.251,,,,
9375070,1.09E+00,4.47E-04,0.25,,,,
9383950,1.09E+00,4.46E-04,0.249,,,,
9388160,1.09E+00,4.46E-04,0.248,,,,
9393120,1.09E+00,4.45E-04,0.247,,,,
9396800,1.09E+00,4.45E-04,0.246,,,,
9401750,1.09E+00,4.44E-04,0.245,,,,
9404910,1.09E+00,4.44E-04,0.244,,,,
9412360,1.09E+00,4.42E-04,0.243,,,,
9415760,1.09E+00,4.42E-04,0.242,,,,
9422380,1.09E+00,4.42E-04,0.241,,,,
9427620,1.08E+00,4.42E-04,0.24,,,,
9435620,1.09E+00,4.41E-04,0.239,,,,
9438470,1.09E+00,4.41E-04,0.238,,,,
9443850,1.09E+00,4.41E-04,0.237,,,,
9448450,1.09E+00,4.41E-04,0.236,,,,
9452549,1.09E+00,4.40E-04,0.235,,,,
9458399,1.09E+00,4.40E-04,0.234,,,,
9464359,1.08E+00,4.40E-04,0.233,,,,
9467859,1.09E+00,4.40E-04,0.232,,,,
9471489,1.09E+00,4.39E-04,0.231,,,,
9476050,1.09E+00,4.39E-04,0.23,,,,
9479340,1.09E+00,4.39E-04,0.229,,,,
9483650,1.09E+00,4.39E-04,0.228,,,,
9491700,1.09E+00,4.38E-04,0.227,,,,
9496810,1.09E+00,4.39E-04,0.226,,,,
9501160,1.08E+00,4.39E-04,0.225,,,,
9505920,1.09E+00,4.38E-04,0.224,,,,
9509080,1.09E+00,4.38E-04,0.223,,,,
9512660,1.09E+00,4.38E-04,0.222,,,,
9515290,1.09E+00,4.38E-04,0.221,,,,
9517890,1.09E+00,4.38E-04,0.22,,,,
9620190,1.09E+00,4.38E-04,0.219,,,,
9623420,1.09E+00,4.38E-04,0.218,,,,
9627230,1.08E+00,4.38E-04,0.217,,,,
9630540,1.09E+00,4.38E-04,0.216,,,,
9634150,1.09E+00,4.38E-04,0.215,,,,
9637760,1.09E+00,4.38E-04,0.214,,,,
9641080,1.09E+00,4.37E-04,0.213,,,,
9644910,1.09E+00,4.38E-04,0.212,,,,
9647990,1.09E+00,4.38E-04,0.211,,,,
9653350,1.09E+00,4.37E-04,0.21,,,,
9656430,1.09E+00,4.37E-04,0.209,,,,
9660430,1.09E+00,4.36E-04,0.208,,,,
9663730,1.09E+00,4.36E-04,0.207,,,,
9667700,1.09E+00,4.36E-04,0.206,,,,
9674090,1.09E+00,4.36E-04,0.205,,,,
9677090,1.09E+00,4.36E-04,0.204,,,,
9682490,1.09E+00,4.35E-04,0.203,,,,
9686049,1.09E+00,4.36E-04,0.202,,,,
9690839,1.09E+00,4.35E-04,0.201,,,,
9694649,1.09E+00,4.35E-04,0.2,,,,
9708040,1.09E+00,4.33E-04,0.199,,,,
9711890,1.09E+00,4.33E-04,0.198,,,,
9714970,1.09E+00,4.33E-04,0.197,,,,
9718180,1.09E+00,4.34E-04,0.196,,,,
9724920,1.09E+00,4.33E-04,0.195,,,,
9728120,1.09E+00,4.33E-04,0.194,,,,
9731930,1.09E+00,4.32E-04,0.193,,,,
9735510,1.09E+00,4.32E-04,0.192,,,,
9745490,1.09E+00,4.29E-04,0.191,,,,
9748070,1.09E+00,4.28E-04,0.19,,,,
9751800,1.09E+00,4.27E-04,0.189,,,,
9754230,1.09E+00,4.29E-04,0.188,,,,
9757260,1.09E+00,4.27E-04,0.187,,,,
9762240,1.09E+00,4.25E-04,0.186,,,,
9765300,1.09E+00,4.26E-04,0.185,,,,
9768650,1.09E+00,4.25E-04,0.184,,,,
9772340,1.09E+00,4.26E-04,0.183,,,,
9774820,1.09E+00,4.23E-04,0.182,,,,
9777160,1.09E+00,4.21E-04,0.181,,,,
9782020,1.09E+00,4.20E-04,0.18,,,,
9786220,1.09E+00,4.14E-04,0.179,,,,
9798060,1.09E+00,4.11E-04,0.178,,,,
9801360,1.09E+00,4.11E-04,0.177,,,,
9804510,1.09E+00,4.09E-04,0.176,,,,
9807990,1.09E+00,4.05E-04,0.175,,,,
9810830,1.09E+00,4.07E-04,0.174,,,,
9817760,1.09E+00,4.03E-04,0.173,,,,
9820840,1.08E+00,3.99E-04,0.172,,,,
9823350,1.09E+00,3.95E-04,0.171,,,,
9826610,1.09E+00,4.03E-04,0.17,,,,
9859350,1.09E+00,3.78E-04,0.169,,,,
9864370,1.09E+00,3.78E-04,0.168,,,,
9867250,1.09E+00,3.79E-04,0.167,,,,
9870560,1.09E+00,3.78E-04,0.166,,,,
9873260,1.09E+00,3.78E-04,0.165,,,,
9877360,1.09E+00,3.75E-04,0.164,,,,
9881560,1.09E+00,3.77E-04,0.163,,,,
9885320,1.09E+00,3.56E-04,0.162,,,,
9888030,1.09E+00,3.63E-04,0.161,,,,
9891680,1.09E+00,3.55E-04,0.16,,,,
9894340,1.09E+00,3.51E-04,0.159,,,,
9899790,1.09E+00,3.36E-04,0.158,,,,
9903220,1.09E+00,3.30E-04,0.157,,,,
9906030,1.09E+00,3.27E-04,0.156,,,,
9910280,1.09E+00,3.38E-04,0.155,,,,
9913330,1.09E+00,3.28E-04,0.154,,,,
9917060,1.09E+00,3.20E-04,0.153,,,,
9920970,1.09E+00,3.07E-04,0.152,,,,
9923650,1.09E+00,3.03E-04,0.151,,,,
9926850,1.09E+00,2.94E-04,0.15,,,,
9969620,1.09E+00,2.66E-04,0.149,,,,
9972680,1.09E+00,2.66E-04,0.148,,,,
9977440,1.09E+00,2.66E-04,0.147,,,,
9980740,1.09E+00,2.58E-04,0.146,,,,
9986440,1.09E+00,2.53E-04,0.145,,,,
9989090,1.09E+00,2.47E-04,0.144,,,,
9998290,1.09E+00,2.23E-04,0.143,,,,
10002050,1.09E+00,2.23E-04,0.142,,,,
10005119,1.09E+00,2.08E-04,0.141,,,,
10012706,1.09E+00,2.15E-04,0.14,,,,
10083940,1.08E+00,1.98E-04,0.139,,,,
10089089,1.09E+00,1.97E-04,0.138,,,,
10092199,1.09E+00,1.98E-04,0.137,,,,
10096150,1.09E+00,1.98E-04,0.136,,,,
10099530,1.09E+00,1.96E-04,0.135,,,,
10102560,1.09E+00,1.87E-04,0.134,,,,
10106240,1.09E+00,1.66E-04,0.133,,,,
10111370,1.09E+00,1.69E-04,0.132,,,,
10116330,1.09E+00,1.55E-04,0.131,,,,
10119890,1.09E+00,1.38E-04,0.13,,,,
10176730,1.09E+00,1.26E-04,0.129,,,,
10179360,1.09E+00,1.26E-04,0.128,,,,
10185140,1.09E+00,1.25E-04,0.127,,,,
10188670,1.09E+00,1.26E-04,0.126,,,,
10191800,1.09E+00,1.25E-04,0.125,,,,
10195750,1.09E+00,1.23E-04,0.124,,,,
10198810,1.09E+00,1.24E-04,0.123,,,,
10205390,1.09E+00,1.06E-04,0.122,,,,
10209949,1.09E+00,9.42E-05,0.121,,,,
10213352,1.09E+00,8.59E-05,0.12,,,,
10221382,1.09E+00,8.66E-05,0.119,,,,
10225309,1.09E+00,8.11E-05,0.118,,,,
10228459,1.09E+00,7.97E-05,0.117,,,,
10231219,1.09E+00,8.28E-05,0.116,,,,
10233582,1.09E+00,8.09E-05,0.115,,,,
10237162,1.09E+00,8.04E-05,0.114,,,,
10239962,1.09E+00,7.59E-05,0.113,,,,
10242872,1.09E+00,7.21E-05,0.112,,,,
10247232,1.09E+00,7.04E-05,0.111,,,,
10250412,1.09E+00,6.72E-05,0.11,,,,
10327522,1.09E+00,5.59E-05,0.109,,,,
10331522,1.09E+00,5.60E-05,0.108,,,,
10335182,1.09E+00,5.65E-05,0.107,,,,
10338322,1.09E+00,5.62E-05,0.106,,,,
10345252,1.09E+00,5.44E-05,0.105,,,,
10350012,1.09E+00,5.28E-05,0.104,,,,
10353324,1.09E+00,5.25E-05,0.103,,,,
10356284,1.09E+00,4.91E-05,0.102,,,,
10359164,1.09E+00,5.08E-05,0.101,,,,
10363409,1.09E+00,4.97E-05,0.1,,,,
10377439,1.09E+00,4.26E-05,0.099,,,,
10382224,1.09E+00,4.21E-05,0.098,,,,
10385869,1.09E+00,4.26E-05,0.097,,,,
10389009,1.09E+00,4.25E-05,0.096,,,,
10393349,1.09E+00,4.25E-05,0.095,,,,
10397584,1.09E+00,4.13E-05,0.094,,,,
10401584,1.09E+00,3.93E-05,0.093,,,,
10405194,1.09E+00,3.68E-05,0.092,,,,
10409074,1.09E+00,3.53E-05,0.091,,,,
10448354,1.09E+00,3.26E-05,0.09,,,,
10451984,1.09E+00,3.24E-05,0.089,,,,
10455214,1.09E+00,3.27E-05,0.088,,,,
10458624,1.09E+00,3.33E-05,0.087,,,,
10461284,1.09E+00,3.25E-05,0.086,,,,
10468814,1.09E+00,3.07E-05,0.085,,,,
10473664,1.09E+00,2.95E-05,0.084,,,,
10479124,1.09E+00,2.86E-05,0.083,,,,
10483134,1.09E+00,2.85E-05,0.082,,,,
10489284,1.09E+00,2.71E-05,0.081,,,,
10496444,1.09E+00,2.68E-05,0.08,,,,
10499954,1.09E+00,2.76E-05,0.079,,,,
10503394,1.09E+00,2.69E-05,0.078,,,,
10506454,1.09E+00,2.62E-05,0.077,,,,
10509584,1.09E+00,2.63E-05,0.076,,,,
10512094,1.09E+00,2.61E-05,0.075,,,,
10514704,1.09E+00,2.64E-05,0.074,,,,
10518104,1.09E+00,2.64E-05,0.073,,,,
10520604,1.09E+00,2.61E-05,0.072,,,,
10523684,1.09E+00,2.56E-05,0.071,,,,
10526714,1.09E+00,2.53E-05,0.07,,,,
10530534,1.09E+00,2.47E-05,0.069,,,,
10535394,1.09E+00,2.48E-05,0.068,,,,
10539644,1.08E+00,2.46E-05,0.067,,,,
10541974,1.09E+00,2.49E-05,0.066,,,,
10546914,1.09E+00,2.44E-05,0.065,,,,
10549724,1.09E+00,2.37E-05,0.064,,,,
10553424,1.09E+00,2.35E-05,0.063,,,,
10556924,1.09E+00,2.34E-05,0.062,,,,
10559654,1.09E+00,2.32E-05,0.061,,,,
10619764,1.09E+00,2.15E-05,0.06,,,,
10622404,1.10E+00,2.14E-05,0.059,,,,
10625024,1.10E+00,2.19E-05,0.058,,,,
10628724,1.10E+00,2.19E-05,0.057,,,,
10631849,1.10E+00,2.21E-05,0.056,,,,
10634284,1.10E+00,2.23E-05,0.055,,,,
10636624,1.10E+00,2.21E-05,0.054,,,,
10639034,1.10E+00,2.19E-05,0.053,,,,
10642144,1.10E+00,2.10E-05,0.052,,,,
10644804,1.10E+00,2.11E-05,0.051,,,,
10648884,1.10E+00,2.08E-05,0.05,,,,
10652214,1.10E+00,2.04E-05,0.049,,,,
10655344,1.09E+00,1.99E-05,0.048,,,,
10657954,1.09E+00,2.02E-05,0.047,,,,
10661104,1.09E+00,2.03E-05,0.046,,,,
10664374,1.09E+00,1.97E-05,0.045,,,,
10668274,1.09E+00,1.96E-05,0.044,,,,
10671584,1.09E+00,1.97E-05,0.043,,,,
10674384,1.09E+00,1.96E-05,0.042,,,,
10677494,1.09E+00,1.95E-05,0.041,,,,
10680444,1.09E+00,1.94E-05,0.04,,,,
10683094,1.09E+00,1.93E-05,0.039,,,,
10685804,1.09E+00,1.89E-05,0.038,,,,
10688254,1.09E+00,1.91E-05,0.037,,,,
10690814,1.09E+00,1.88E-05,0.036,,,,
10693564,1.09E+00,1.85E-05,0.035,,,,
10696394,1.09E+00,1.88E-05,0.034,,,,
10705774,1.09E+00,1.81E-05,0.033,,,,
10708354,1.09E+00,1.84E-05,0.032,,,,
10711165,1.09E+00,1.83E-05,0.031,,,,
10735715,1.09E+00,1.76E-05,0.03,,,,
10738815,1.09E+00,1.77E-05,0.029,,,,
10741255,1.09E+00,1.76E-05,0.028,,,,
10748045,1.09E+00,1.81E-05,0.027,,,,
10750605,1.09E+00,1.80E-05,0.026,,,,
10753055,1.09E+00,1.78E-05,0.025,,,,
10756435,1.09E+00,1.85E-05,0.024,,,,
10758875,1.09E+00,1.77E-05,0.023,,,,
10764845,1.09E+00,1.81E-05,0.022,,,,
10768519,1.09E+00,1.82E-05,0.021,,,,
10773055,1.09E+00,1.77E-05,0.02,,,,
10778085,1.09E+00,1.74E-05,0.019,,,,
10782385,1.09E+00,1.74E-05,0.018,,,,
10791935,1.09E+00,1.74E-05,0.017,,,,
10795079,1.09E+00,1.72E-05,0.016,,,,
10798695,1.09E+00,1.75E-05,0.015,,,,
10806795,1.09E+00,1.77E-05,0.014,,,,
10811449,1.09E+00,1.76E-05,0.013,,,,
10816879,1.09E+00,1.75E-05,0.012,,,,
10821309,1.09E+00,1.76E-05,0.011,,,,
10830365,1.09E+00,1.76E-05,0.01,,,,
10833369,1.09E+00,1.74E-05,0.009,,,,
10836485,1.09E+00,1.74E-05,0.008,,,,
10839115,1.09E+00,1.74E-05,0.007,,,,
10843415,1.09E+00,1.73E-05,0.006,,,,
10846710,,,0.005,,,,
10851795,1.09E+00,1.73E-05,0.004,,,,
10854595,1.09E+00,1.77E-05,0.003,,,,
10857855,1.09E+00,1.75E-05,0.002,,,,
10860515,1.09E+00,1.74E-05,0.001,,,,
10874115,1.09E+00,1.71E-05,0,,,,